Poster,Year,Country,,
https://www.laka.org/docu/affiches/?page=1&location=Switzerland&term=1979&combined=on&suchwort=&id=3482,1979,Switzerland,,
https://www.laka.org/docu/affiches/?page=1&location=Switzerland&term=1979&combined=on&suchwort=&id=4056,1979,Switzerland,,
https://www.laka.org/docu/affiches/?page=1&location=Switzerland&term=1979&combined=on&suchwort=&id=1882,1979,Switzerland,,
https://www.laka.org/docu/affiches/?page=1&location=Switzerland&term=1979&combined=on&suchwort=&id=3128,1979,Switzerland,,
https://www.laka.org/docu/affiches/?page=1&location=Switzerland&term=1979&combined=on&suchwort=&id=3460,1979,Switzerland,,
https://www.laka.org/docu/affiches/?page=1&location=Switzerland&term=1979&combined=on&suchwort=&id=3461,1979,Switzerland,,
https://www.laka.org/docu/affiches/?page=1&location=Switzerland&term=1979&combined=on&suchwort=&id=3462,1979,Switzerland,,
https://www.laka.org/docu/affiches/?page=1&location=Switzerland&term=1979&combined=on&suchwort=&id=3463,1979,Switzerland,,
https://www.laka.org/docu/affiches/?page=1&location=Switzerland&term=1979&combined=on&suchwort=&id=3464,1979,Switzerland,,
https://www.laka.org/docu/affiches/?page=1&location=Switzerland&term=1979&combined=on&suchwort=&id=3465,1979,Switzerland,,
https://www.laka.org/docu/affiches/?page=1&location=Switzerland&term=1979&combined=on&suchwort=&id=3466,1979,Switzerland,,
https://www.laka.org/docu/affiches/?page=1&location=Switzerland&term=1979&combined=on&suchwort=&id=3467,1979,Switzerland,,
https://www.laka.org/docu/affiches/?page=2&location=Switzerland&term=1979&combined=on&suchwort=&id=3468,1979,Switzerland,,
https://www.laka.org/docu/affiches/?page=2&location=Switzerland&term=1979&combined=on&suchwort=&id=3599,1979,Switzerland,,
https://www.laka.org/docu/affiches/?page=2&location=Switzerland&term=1979&combined=on&suchwort=&id=4513,1979,Switzerland,,
https://www.laka.org/docu/affiches/?page=2&location=Switzerland&term=1979&combined=on&suchwort=&id=4633,1979,Switzerland,,
https://www.laka.org/docu/affiches/?page=2&location=Switzerland&term=1979&combined=on&suchwort=&id=4661,1979,Switzerland,,
https://www.laka.org/docu/affiches/?page=2&location=Switzerland&term=1979&combined=on&suchwort=&id=4730,1979,Switzerland,,
https://www.laka.org/docu/affiches/?page=2&location=Switzerland&term=1979&combined=on&suchwort=&id=4856,1979,Switzerland,,
https://www.laka.org/docu/affiches/?page=2&location=Switzerland&term=1979&combined=on&suchwort=&id=2047,1979,Switzerland,,
https://www.laka.org/docu/affiches/?page=2&location=Switzerland&term=1979&combined=on&suchwort=&id=1361,1979,Switzerland,,
https://www.laka.org/docu/affiches/?page=2&location=Switzerland&term=1979&combined=on&suchwort=&id=1968,1979,Switzerland,,
https://www.laka.org/docu/affiches/?page=2&location=Switzerland&term=1979&combined=on&suchwort=&id=2665,1979,Switzerland,,
https://www.laka.org/docu/affiches/?page=2&location=Switzerland&term=1979&combined=on&suchwort=&id=3469,1979,Switzerland,,
https://www.laka.org/docu/affiches/?page=3&location=Switzerland&term=1979&combined=on&suchwort=&id=3479,1979,Switzerland,,
https://www.laka.org/docu/affiches/?page=3&location=Switzerland&term=1979&combined=on&suchwort=&id=3480,1979,Switzerland,,
https://www.laka.org/docu/affiches/?page=3&location=Switzerland&term=1979&combined=on&suchwort=&id=3481,1979,Switzerland,,
https://www.laka.org/docu/affiches/?page=3&location=Switzerland&term=1979&combined=on&suchwort=&id=3600,1979,Switzerland,,
https://www.laka.org/docu/affiches/?page=3&location=Switzerland&term=1979&combined=on&suchwort=&id=4731,1979,Switzerland,,
https://www.laka.org/docu/affiches/?location=Switzerland&term=1984&combined=on&suchwort=&id=3342,1984,Switzerland,,
https://www.laka.org/docu/affiches/?location=Switzerland&term=1984&combined=on&suchwort=&id=3488,1984,Switzerland,,
https://www.laka.org/docu/affiches/?location=Switzerland&term=1984&combined=on&suchwort=&id=3489,1984,Switzerland,,
https://www.laka.org/docu/affiches/?location=Switzerland&term=1984&combined=on&suchwort=&id=3491,1984,Switzerland,,
https://www.laka.org/docu/affiches/?location=Switzerland&term=1984&combined=on&suchwort=&id=3492,1984,Switzerland,,
https://www.laka.org/docu/affiches/?location=Switzerland&term=1984&combined=on&suchwort=&id=3493,1984,Switzerland,,
https://www.laka.org/docu/affiches/?location=Switzerland&term=1984&combined=on&suchwort=&id=4616,1984,Switzerland,,
https://www.laka.org/docu/affiches/?location=Switzerland&term=1984&combined=on&suchwort=&id=4625,1984,Switzerland,,
https://www.laka.org/docu/affiches/?location=Switzerland&term=1984&combined=on&suchwort=&id=4653,1984,Switzerland,,
https://www.laka.org/docu/affiches/?location=Switzerland&term=1984&combined=on&suchwort=&id=4654,1984,Switzerland,,
https://www.laka.org/docu/affiches/?location=Switzerland&term=1984&combined=on&suchwort=&id=4717,1984,Switzerland,,
https://www.laka.org/docu/affiches/?location=Switzerland&term=1984&combined=on&suchwort=&id=4662,1984,Switzerland,,
https://www.laka.org/docu/affiches/?page=2&location=Switzerland&term=1984&combined=on&suchwort=&id=4738,1984,Switzerland,,
https://www.laka.org/docu/affiches/?page=2&location=Switzerland&term=1984&combined=on&suchwort=&id=992,1984,Switzerland,,
https://www.laka.org/docu/affiches/?page=2&location=Switzerland&term=1984&combined=on&suchwort=&id=3490,1984,Switzerland,,
https://www.laka.org/docu/affiches/?page=2&location=Switzerland&term=1984&combined=on&suchwort=&id=4634,1984,Switzerland,,
